<?xml version="1.0" encoding="UTF-8"?><ZFNG_IDOC><IDOC BEGIN="1"><EDI_DC40 SEGMENT="1"><TABNAM>EDI_DC40</TABNAM><MANDT>300</MANDT><DOCNUM>0000000000210031</DOCNUM><DOCREL>640</DOCREL><STATUS>30</STATUS><DIRECT>1</DIRECT><OUTMOD>2</OUTMOD><IDOCTYP>ZFNG_IDOC</IDOCTYP><MESTYP>ZFNG_IDOC_MSG_XML</MESTYP><SNDPOR>SAPT5P</SNDPOR><SNDPRT>LS</SNDPRT><SNDPRN>T5PCLNT300</SNDPRN><RCVPOR>ZFNGPORTA2</RCVPOR><RCVPRT>LS</RCVPRT><RCVPRN>SAPFNG</RCVPRN><CREDAT>20060830</CREDAT><CRETIM>150021</CRETIM><SERIAL>20060830150021</SERIAL></EDI_DC40><ZFNG_TREINAMENTO SEGMENT="1"><CODIGO>0005</CODIGO><DESRICAO>CANETA BIC PRETA</DESRICAO><QTDE>      200</QTDE><PRECO>      180,00</PRECO></ZFNG_TREINAMENTO></IDOC></ZFNG_IDOC>